Digest Size,Inputs Generated,Collision Time
8,28,0.0002288818359375
10,2839,0.01700901985168457
12,1862,0.010111093521118164
14,2272,0.014726877212524414
